time,source_file,source_ext,output_file,clean_name,matched_cover,match_score,action,status,message
,,,,,,,,,
,,,,,,,,,
,,,,,,,,,
,,,,,,,,,
,,,,,,,,,
,,,,,,,,,
,,,,,,,,,
,,,,,,,,,
,,,,,,,,,
,,,,,,,,,
,,,,,,,,,
,,,,,,,,,
,,,,,,,,,
,,,,,,,,,
,,,,,,,,,
,,,,,,,,,
,,,,,,,,,
,,,,,,,,,
,,,,,,,,,
,,,,,,,,,
,,,,,,,,,
,,,,,,,,,
,,,,,,,,,
,,,,,,,,,
,,,,,,,,,
,,,,,,,,,
,,,,,,,,,
,,,,,,,,,
,,,,,,,,,
,,,,,,,,,
,,,,,,,,,
,,,,,,,,,
,,,,,,,,,
,,,,,,,,,
,,,,,,,,,
,,,,,,,,,
,,,,,,,,,
,,,,,,,,,
,,,,,,,,,
,,,,,,,,,
,,,,,,,,,
,,,,,,,,,
,,,,,,,,,
,,,,,,,,,
,,,,,,,,,
,,,,,,,,,
,,,,,,,,,
,,,,,,,,,
,,,,,,,,,
,,,,,,,,,
,,,,,,,,,
,,,,,,,,,
,,,,,,,,,
,,,,,,,,,
,,,,,,,,,
,,,,,,,,,
,,,,,,,,,
,,,,,,,,,
,,,,,,,,,
,,,,,,,,,
,,,,,,,,,
,,,,,,,,,
,,,,,,,,,
,,,,,,,,,
,,,,,,,,,
,,,,,,,,,
,,,,,,,,,
,,,,,,,,,
,,,,,,,,,
,,,,,,,,,
,,,,,,,,,
,,,,,,,,,
,,,,,,,,,
,,,,,,,,,
,,,,,,,,,
,,,,,,,,,
,,,,,,,,,
,,,,,,,,,
,,,,,,,,,
,,,,,,,,,
,,,,,,,,,
,,,,,,,,,
,,,,,,,,,
,,,,,,,,,
,,,,,,,,,
,,,,,,,,,
,,,,,,,,,
,,,,,,,,,
,,,,,,,,,
,,,,,,,,,
,,,,,,,,,
,,,,,,,,,
,,,,,,,,,
,,,,,,,,,
,,,,,,,,,
,,,,,,,,,
,,,,,,,,,
,,,,,,,,,
,,,,,,,,,
,,,,,,,,,
,,,,,,,,,
,,,,,,,,,
,,,,,,,,,
,,,,,,,,,
,,,,,,,,,
,,,,,,,,,
,,,,,,,,,
,,,,,,,,,
,,,,,,,,,
,,,,,,,,,
,,,,,,,,,
,,,,,,,,,
,,,,,,,,,
,,,,,,,,,
,,,,,,,,,
2026/3/15 23:44,-rui-蕊--好运来～-20260315222549-20260315222551.mp4,.mp4,rui-蕊--好运来～.m4a,rui-蕊--好运来～,封面--rui-蕊--好运来～-20260315222549-20260315222552.jpg,1.25,success,ok,
2026/3/15 23:44,-林清弄--《声声慢》！吴语的！完整的！吉他弹唱的！-20260315225119-20260315225121.mp3,.mp3,林清弄--《声声慢》！吴语的！完整的！吉他弹唱的！.m4a,林清弄--《声声慢》！吴语的！完整的！吉他弹唱的！,封面--林清弄--《声声慢》！吴语的！完整的！吉他弹唱的！-20260315225119-20260315225122.jpg,1.25,success,ok,
2026/3/15 23:44,4K无损音乐-程响-人间烟火[4K60-24_48-中-20260315225256-20260315225257.mp3,.mp3,4K无损音乐-程响-人间烟火[4K60-24_48-中.m4a,4K无损音乐-程响-人间烟火[4K60-24_48-中,封面-4K无损音乐-程响-人间烟火[4K60-24_48-中-20260315225256-20260315225259.jpg,1.25,success,ok,
2026/3/15 23:44,Ann_入目黄昏-色は匂へど散りぬるを_翻唱_东方proj-20260315222009-20260315222011.mp3,.mp3,Ann_入目黄昏-色は匂へど散りぬるを_翻唱_东方proj.m4a,Ann_入目黄昏-色は匂へど散りぬるを_翻唱_东方proj,封面-Ann_入目黄昏-色は匂へど散りぬるを_翻唱_东方proj-20260315222014-20260315222016.jpg,1.25,success,ok,
2026/3/15 23:44,Ayase-YOASOBI-YOASOBI_アイドル(Idol)_O-20260315225652-20260315225654.mp3,.mp3,Ayase-YOASOBI-YOASOBI_アイドル(Idol)_O.m4a,Ayase-YOASOBI-YOASOBI_アイドル(Idol)_O,封面-Ayase-YOASOBI-YOASOBI_アイドル(Idol)_O-20260315225652-20260315225655.jpg,1.25,success,ok,
2026/3/15 23:44,COPY-【乐正绫原创】世末歌者【PV付_COSM-20260315230052-20260315230055.mp4,.mp4,COPY-【乐正绫原创】世末歌者【PV付_COSM.m4a,COPY-【乐正绫原创】世末歌者【PV付_COSM,封面-COPY-【乐正绫原创】世末歌者【PV付_COSM-20260315230052-20260315230057.jpg,1.25,success,ok,
2026/3/15 23:44,Ed_d_d_d-【AI东雪莲】雨下人间_雨上天堂-顶级模-20260315225658-20260315225700.mp3,.mp3,Ed_d_d_d-【AI东雪莲】雨下人间_雨上天堂-顶级模.m4a,Ed_d_d_d-【AI东雪莲】雨下人间_雨上天堂-顶级模,封面-Ed_d_d_d-【AI东雪莲】雨下人间_雨上天堂-顶级模-20260315225658-20260315225701.jpg,1.25,success,ok,
2026/3/15 23:45,ilem-洛天依，言和_原创《达拉崩吧》-20260315222144-20260315222145.mp4,.mp4,ilem-洛天依，言和_原创《达拉崩吧》.m4a,ilem-洛天依，言和_原创《达拉崩吧》,封面-ilem-洛天依，言和_原创《达拉崩吧》-20260315222144-20260315222147.jpg,1.25,success,ok,
2026/3/15 23:45,likejshy-Forフルーツバスケット_水果篮子_OP-20260315225244-20260315225245.mp3,.mp3,likejshy-Forフルーツバスケット_水果篮子_OP.m4a,likejshy-Forフルーツバスケット_水果篮子_OP,封面-likejshy-Forフルーツバスケット_水果篮子_OP-20260315225244-20260315225247.jpg,1.25,success,ok,
2026/3/15 23:45,MXirony-“威仪棣棣，不可选也。”-20260315225730-20260315225732.mp4,.mp4,MXirony-“威仪棣棣，不可选也。”.m4a,MXirony-“威仪棣棣，不可选也。”,封面-MXirony-“威仪棣棣，不可选也。”-20260315225730-20260315225733.jpg,1.25,success,ok,
2026/3/15 23:45,Neuro音乐-《原神_6_0_OST》少女哥伦比娅主题-20260314210301-20260314210304.mp3,.mp3,Neuro音乐-《原神_6_0_OST》少女哥伦比娅主题.m4a,Neuro音乐-《原神_6_0_OST》少女哥伦比娅主题,封面-Neuro音乐-《原神_6_0_OST》少女哥伦比娅主题-20260314210301-20260314210306.jpg,1.25,success,ok,
2026/3/15 23:45,Neuro音乐-《原神_6_0_OST》少女哥伦比娅主题-20260315222049-20260315222051.mp3,.mp3,Neuro音乐-《原神_6_0_OST》少女哥伦比娅主题_2.m4a,Neuro音乐-《原神_6_0_OST》少女哥伦比娅主题,封面-Neuro音乐-《原神_6_0_OST》少女哥伦比娅主题-20260314210301-20260314210306.jpg,1.25,success,ok,
2026/3/15 23:45,otone-music-流星赞歌_(流星賛歌)____重音テト_-20260315221831-20260315221833.mp3,.mp3,otone-music-流星赞歌_(流星賛歌)____重音テト.m4a,otone-music-流星赞歌_(流星賛歌)____重音テト,封面-otone-music-流星赞歌_(流星賛歌)____重音テト_-20260315221831-20260315221834.jpg,1.25,success,ok,
2026/3/15 23:45,ProjectMili-Mili_-_Hero（英雄）【边狱巴士-20260315222403-20260315222405.mp4,.mp4,ProjectMili-Mili_-_Hero（英雄）【边狱巴士.m4a,ProjectMili-Mili_-_Hero（英雄）【边狱巴士,封面-ProjectMili-Mili_-_Hero（英雄）【边狱巴士-20260315222403-20260315222406.jpg,1.25,success,ok,
2026/3/15 23:45,ProjectMili-Mili_-_TIAN_TIAN【边狱巴-20260315222409-20260315222410.mp4,.mp4,ProjectMili-Mili_-_TIAN_TIAN【边狱巴.m4a,ProjectMili-Mili_-_TIAN_TIAN【边狱巴,封面-ProjectMili-Mili_-_TIAN_TIAN【边狱巴-20260315222414-20260315222415.jpg,1.25,success,ok,
2026/3/15 23:49,-rui-蕊--好运来～-20260315222549-20260315222551.mp4,.mp4,rui-蕊--好运来～_2.m4a,rui-蕊--好运来～,封面--rui-蕊--好运来～-20260315222549-20260315222552.jpg,1.25,success,ok,
2026/3/15 23:49,-林清弄--《声声慢》！吴语的！完整的！吉他弹唱的！-20260315225119-20260315225121.mp3,.mp3,林清弄--《声声慢》！吴语的！完整的！吉他弹唱的！_2.m4a,林清弄--《声声慢》！吴语的！完整的！吉他弹唱的！,封面--林清弄--《声声慢》！吴语的！完整的！吉他弹唱的！-20260315225119-20260315225122.jpg,1.25,success,ok,
2026/3/15 23:49,4K无损音乐-程响-人间烟火[4K60-24_48-中-20260315225256-20260315225257.mp3,.mp3,4K无损音乐-程响-人间烟火[4K60-24_48-中_2.m4a,4K无损音乐-程响-人间烟火[4K60-24_48-中,封面-4K无损音乐-程响-人间烟火[4K60-24_48-中-20260315225256-20260315225259.jpg,1.25,success,ok,
2026/3/15 23:49,Ann_入目黄昏-色は匂へど散りぬるを_翻唱_东方proj-20260315222009-20260315222011.mp3,.mp3,Ann_入目黄昏-色は匂へど散りぬるを_翻唱_东方proj_2.m4a,Ann_入目黄昏-色は匂へど散りぬるを_翻唱_东方proj,封面-Ann_入目黄昏-色は匂へど散りぬるを_翻唱_东方proj-20260315222014-20260315222016.jpg,1.25,success,ok,
2026/3/15 23:49,Ayase-YOASOBI-YOASOBI_アイドル(Idol)_O-20260315225652-20260315225654.mp3,.mp3,Ayase-YOASOBI-YOASOBI_アイドル(Idol)_O_2.m4a,Ayase-YOASOBI-YOASOBI_アイドル(Idol)_O,封面-Ayase-YOASOBI-YOASOBI_アイドル(Idol)_O-20260315225652-20260315225655.jpg,1.25,success,ok,
2026/3/15 23:49,COPY-【乐正绫原创】世末歌者【PV付_COSM-20260315230052-20260315230055.mp4,.mp4,COPY-【乐正绫原创】世末歌者【PV付_COSM_2.m4a,COPY-【乐正绫原创】世末歌者【PV付_COSM,封面-COPY-【乐正绫原创】世末歌者【PV付_COSM-20260315230052-20260315230057.jpg,1.25,success,ok,
2026/3/15 23:49,Ed_d_d_d-【AI东雪莲】雨下人间_雨上天堂-顶级模-20260315225658-20260315225700.mp3,.mp3,Ed_d_d_d-【AI东雪莲】雨下人间_雨上天堂-顶级模_2.m4a,Ed_d_d_d-【AI东雪莲】雨下人间_雨上天堂-顶级模,封面-Ed_d_d_d-【AI东雪莲】雨下人间_雨上天堂-顶级模-20260315225658-20260315225701.jpg,1.25,success,ok,
2026/3/15 23:49,ilem-洛天依，言和_原创《达拉崩吧》-20260315222144-20260315222145.mp4,.mp4,ilem-洛天依，言和_原创《达拉崩吧》_2.m4a,ilem-洛天依，言和_原创《达拉崩吧》,封面-ilem-洛天依，言和_原创《达拉崩吧》-20260315222144-20260315222147.jpg,1.25,success,ok,
2026/3/15 23:49,likejshy-Forフルーツバスケット_水果篮子_OP-20260315225244-20260315225245.mp3,.mp3,likejshy-Forフルーツバスケット_水果篮子_OP_2.m4a,likejshy-Forフルーツバスケット_水果篮子_OP,封面-likejshy-Forフルーツバスケット_水果篮子_OP-20260315225244-20260315225247.jpg,1.25,success,ok,
2026/3/15 23:50,MXirony-“威仪棣棣，不可选也。”-20260315225730-20260315225732.mp4,.mp4,MXirony-“威仪棣棣，不可选也。”_2.m4a,MXirony-“威仪棣棣，不可选也。”,封面-MXirony-“威仪棣棣，不可选也。”-20260315225730-20260315225733.jpg,1.25,success,ok,
2026/3/15 23:50,Neuro音乐-《原神_6_0_OST》少女哥伦比娅主题-20260314210301-20260314210304.mp3,.mp3,Neuro音乐-《原神_6_0_OST》少女哥伦比娅主题_3.m4a,Neuro音乐-《原神_6_0_OST》少女哥伦比娅主题,封面-Neuro音乐-《原神_6_0_OST》少女哥伦比娅主题-20260314210301-20260314210306.jpg,1.25,success,ok,
2026/3/15 23:50,Neuro音乐-《原神_6_0_OST》少女哥伦比娅主题-20260315222049-20260315222051.mp3,.mp3,Neuro音乐-《原神_6_0_OST》少女哥伦比娅主题_4.m4a,Neuro音乐-《原神_6_0_OST》少女哥伦比娅主题,封面-Neuro音乐-《原神_6_0_OST》少女哥伦比娅主题-20260314210301-20260314210306.jpg,1.25,success,ok,
2026/3/15 23:50,otone-music-流星赞歌_(流星賛歌)____重音テト_-20260315221831-20260315221833.mp3,.mp3,otone-music-流星赞歌_(流星賛歌)____重音テト_2.m4a,otone-music-流星赞歌_(流星賛歌)____重音テト,封面-otone-music-流星赞歌_(流星賛歌)____重音テト_-20260315221831-20260315221834.jpg,1.25,success,ok,
2026/3/15 23:50,ProjectMili-Mili_-_Hero（英雄）【边狱巴士-20260315222403-20260315222405.mp4,.mp4,ProjectMili-Mili_-_Hero（英雄）【边狱巴士.m4a,ProjectMili-Mili_-_Hero（英雄）【边狱巴士,封面-ProjectMili-Mili_-_Hero（英雄）【边狱巴士-20260315222403-20260315222406.jpg,1.25,success,ok,
2026/3/15 23:50,-rui-蕊--好运来～-20260315222549-20260315222551.mp4,.mp4,rui-蕊--好运来～.m4a,rui-蕊--好运来～,封面--rui-蕊--好运来～-20260315222549-20260315222552.jpg,1.25,success,ok,
2026/3/15 23:50,-林清弄--《声声慢》！吴语的！完整的！吉他弹唱的！-20260315225119-20260315225121.mp3,.mp3,林清弄--《声声慢》！吴语的！完整的！吉他弹唱的！.m4a,林清弄--《声声慢》！吴语的！完整的！吉他弹唱的！,封面--林清弄--《声声慢》！吴语的！完整的！吉他弹唱的！-20260315225119-20260315225122.jpg,1.25,success,ok,
2026/3/15 23:50,4K无损音乐-程响-人间烟火[4K60-24_48-中-20260315225256-20260315225257.mp3,.mp3,4K无损音乐-程响-人间烟火[4K60-24_48-中.m4a,4K无损音乐-程响-人间烟火[4K60-24_48-中,封面-4K无损音乐-程响-人间烟火[4K60-24_48-中-20260315225256-20260315225259.jpg,1.25,success,ok,
2026/3/15 23:50,Ann_入目黄昏-色は匂へど散りぬるを_翻唱_东方proj-20260315222009-20260315222011.mp3,.mp3,Ann_入目黄昏-色は匂へど散りぬるを_翻唱_东方proj.m4a,Ann_入目黄昏-色は匂へど散りぬるを_翻唱_东方proj,封面-Ann_入目黄昏-色は匂へど散りぬるを_翻唱_东方proj-20260315222014-20260315222016.jpg,1.25,success,ok,
2026/3/15 23:50,Ayase-YOASOBI-YOASOBI_アイドル(Idol)_O-20260315225652-20260315225654.mp3,.mp3,Ayase-YOASOBI-YOASOBI_アイドル(Idol)_O.m4a,Ayase-YOASOBI-YOASOBI_アイドル(Idol)_O,封面-Ayase-YOASOBI-YOASOBI_アイドル(Idol)_O-20260315225652-20260315225655.jpg,1.25,success,ok,
2026/3/15 23:50,COPY-【乐正绫原创】世末歌者【PV付_COSM-20260315230052-20260315230055.mp4,.mp4,COPY-【乐正绫原创】世末歌者【PV付_COSM.m4a,COPY-【乐正绫原创】世末歌者【PV付_COSM,封面-COPY-【乐正绫原创】世末歌者【PV付_COSM-20260315230052-20260315230057.jpg,1.25,success,ok,
2026/3/15 23:50,Ed_d_d_d-【AI东雪莲】雨下人间_雨上天堂-顶级模-20260315225658-20260315225700.mp3,.mp3,Ed_d_d_d-【AI东雪莲】雨下人间_雨上天堂-顶级模.m4a,Ed_d_d_d-【AI东雪莲】雨下人间_雨上天堂-顶级模,封面-Ed_d_d_d-【AI东雪莲】雨下人间_雨上天堂-顶级模-20260315225658-20260315225701.jpg,1.25,success,ok,
2026/3/15 23:51,ilem-洛天依，言和_原创《达拉崩吧》-20260315222144-20260315222145.mp4,.mp4,ilem-洛天依，言和_原创《达拉崩吧》.m4a,ilem-洛天依，言和_原创《达拉崩吧》,封面-ilem-洛天依，言和_原创《达拉崩吧》-20260315222144-20260315222147.jpg,1.25,success,ok,
2026/3/15 23:51,likejshy-Forフルーツバスケット_水果篮子_OP-20260315225244-20260315225245.mp3,.mp3,likejshy-Forフルーツバスケット_水果篮子_OP.m4a,likejshy-Forフルーツバスケット_水果篮子_OP,封面-likejshy-Forフルーツバスケット_水果篮子_OP-20260315225244-20260315225247.jpg,1.25,success,ok,
2026/3/15 23:51,MXirony-“威仪棣棣，不可选也。”-20260315225730-20260315225732.mp4,.mp4,MXirony-“威仪棣棣，不可选也。”.m4a,MXirony-“威仪棣棣，不可选也。”,封面-MXirony-“威仪棣棣，不可选也。”-20260315225730-20260315225733.jpg,1.25,success,ok,
2026/3/15 23:51,Neuro音乐-《原神_6_0_OST》少女哥伦比娅主题-20260314210301-20260314210304.mp3,.mp3,Neuro音乐-《原神_6_0_OST》少女哥伦比娅主题.m4a,Neuro音乐-《原神_6_0_OST》少女哥伦比娅主题,封面-Neuro音乐-《原神_6_0_OST》少女哥伦比娅主题-20260314210301-20260314210306.jpg,1.25,success,ok,
2026/3/15 23:51,Neuro音乐-《原神_6_0_OST》少女哥伦比娅主题-20260315222049-20260315222051.mp3,.mp3,Neuro音乐-《原神_6_0_OST》少女哥伦比娅主题_2.m4a,Neuro音乐-《原神_6_0_OST》少女哥伦比娅主题,封面-Neuro音乐-《原神_6_0_OST》少女哥伦比娅主题-20260314210301-20260314210306.jpg,1.25,success,ok,
2026/3/15 23:51,otone-music-流星赞歌_(流星賛歌)____重音テト_-20260315221831-20260315221833.mp3,.mp3,otone-music-流星赞歌_(流星賛歌)____重音テト.m4a,otone-music-流星赞歌_(流星賛歌)____重音テト,封面-otone-music-流星赞歌_(流星賛歌)____重音テト_-20260315221831-20260315221834.jpg,1.25,success,ok,
2026/3/15 23:51,ProjectMili-Mili_-_Hero（英雄）【边狱巴士-20260315222403-20260315222405.mp4,.mp4,ProjectMili-Mili_-_Hero（英雄）【边狱巴士.m4a,ProjectMili-Mili_-_Hero（英雄）【边狱巴士,封面-ProjectMili-Mili_-_Hero（英雄）【边狱巴士-20260315222403-20260315222406.jpg,1.25,success,ok,
2026/3/15 23:51,ProjectMili-Mili_-_TIAN_TIAN【边狱巴-20260315222409-20260315222410.mp4,.mp4,ProjectMili-Mili_-_TIAN_TIAN【边狱巴.m4a,ProjectMili-Mili_-_TIAN_TIAN【边狱巴,封面-ProjectMili-Mili_-_TIAN_TIAN【边狱巴-20260315222414-20260315222415.jpg,1.25,success,ok,
2026/3/15 23:51,ProjectMili-Mili【ENDER_MAGNOLIA】-20260315223442-20260315223444.mp3,.mp3,ProjectMili-Mili【ENDER_MAGNOLIA】.m4a,ProjectMili-Mili【ENDER_MAGNOLIA】,封面-ProjectMili-Mili【ENDER_MAGNOLIA】-20260315223308-20260315223312.jpg,1.25,success,ok,
2026/3/15 23:57,ProjectMili-【Mili】Ga1ahad_and_Sc-20260315225544-20260315225546.mp3,.mp3,ProjectMili-【Mili】Ga1ahad_and_Sc.m4a,ProjectMili-【Mili】Ga1ahad_and_Sc,封面-ProjectMili-【Mili】Ga1ahad_and_Sc-20260315225544-20260315225548.jpg,1.25,success,ok,
2026/3/15 23:57,ProjectMili-【Mili】Summoning_101（-20260315225552-20260315225553.mp3,.mp3,ProjectMili-【Mili】Summoning_101（.m4a,ProjectMili-【Mili】Summoning_101（,封面-ProjectMili-【Mili】Summoning_101（-20260315225552-20260315225555.jpg,1.25,success,ok,
2026/3/15 23:57,restart0x-【熟肉_塔科夫】诺文斯克民谣-20260315222728-20260315222730.mp3,.mp3,restart0x-【熟肉_塔科夫】诺文斯克民谣.m4a,restart0x-【熟肉_塔科夫】诺文斯克民谣,封面-restart0x-【熟肉_塔科夫】诺文斯克民谣-20260315222733-20260315222734.jpg,1.25,success,ok,
2026/3/15 23:57,Sallos-【8K】MV_宮本浩次_《冬之花》「冬の-20260315222531-20260315222533.mp4,.mp4,Sallos-【8K】MV_宮本浩次_《冬之花》「冬の.m4a,Sallos-【8K】MV_宮本浩次_《冬之花》「冬の,封面-Sallos-【8K】MV_宮本浩次_《冬之花》「冬の-20260315222536-20260315222537.jpg,1.25,success,ok,
2026/3/15 23:57,salo600-意大利反法西斯歌曲Bella_Ciao《-20260315222203-20260315222204.mp3,.mp3,salo600-意大利反法西斯歌曲Bella_Ciao《.m4a,salo600-意大利反法西斯歌曲Bella_Ciao《,封面-salo600-意大利反法西斯歌曲Bella_Ciao《-20260315222207-20260315222208.jpg,1.25,success,ok,
2026/3/15 23:57,seb塞巴-顶级品质试听《射杀恋人的那天》虽然不是叛-20260315225050-20260315225052.mp3,.mp3,seb塞巴-顶级品质试听《射杀恋人的那天》虽然不是叛.m4a,seb塞巴-顶级品质试听《射杀恋人的那天》虽然不是叛,封面-seb塞巴-顶级品质试听《射杀恋人的那天》虽然不是叛-20260315225050-20260315225054.jpg,1.25,success,ok,
2026/3/15 23:57,Sona_ソナ-Guiano_-_花_(feat_花谱)-20260315225814-20260315225816.mp3,.mp3,Sona_ソナ-Guiano_-_花_(feat_花谱).m4a,Sona_ソナ-Guiano_-_花_(feat_花谱),封面-Sona_ソナ-Guiano_-_花_(feat_花谱)-20260315225814-20260315225817.jpg,1.25,success,ok,
2026/3/15 23:57,Yuki_可依-_狂谬即美丽，惊艳到让你起鸡皮疙瘩！__-20260315225201-20260315225203.mp3,.mp3,Yuki_可依-_狂谬即美丽，惊艳到让你起鸡皮疙瘩！.m4a,Yuki_可依-_狂谬即美丽，惊艳到让你起鸡皮疙瘩！,封面-Yuki_可依-_狂谬即美丽，惊艳到让你起鸡皮疙瘩！__-20260315225201-20260315225205.jpg,1.25,success,ok,
2026/3/15 23:57,_逐晓-超带感的笼中鸟填词！辉夜听了也想抖腿【东-20260315230147-20260315230148.mp3,.mp3,逐晓-超带感的笼中鸟填词！辉夜听了也想抖腿【东.m4a,逐晓-超带感的笼中鸟填词！辉夜听了也想抖腿【东,封面-_逐晓-超带感的笼中鸟填词！辉夜听了也想抖腿【东-20260315230147-20260315230150.jpg,1.25,success,ok,
2026/3/15 23:57,あむぬeru-p_s___／_ナースロボ_タイプT-20260315222028-20260315222030.mp4,.mp4,あむぬeru-p_s___／_ナースロボ_タイプT.m4a,あむぬeru-p_s___／_ナースロボ_タイプT,封面-あむぬeru-p_s___／_ナースロボ_タイプT-20260315222032-20260315222033.jpg,1.25,success,ok,
2026/3/15 23:57,くらめ-【C80】雪月_-_ise_rala-20260315230134-20260315230135.mp3,.mp3,くらめ-【C80】雪月_-_ise_rala.m4a,くらめ-【C80】雪月_-_ise_rala,封面-くらめ-【C80】雪月_-_ise_rala-20260315230134-20260315230138.jpg,1.25,success,ok,
2026/3/15 23:57,とあ-【正式】【とあ】拼凑的断音【初音ミク】-20260315221938-20260315221940.mp4,.mp4,とあ-【正式】【とあ】拼凑的断音【初音ミク】.m4a,とあ-【正式】【とあ】拼凑的断音【初音ミク】,,0.1818,success,ok,
2026/3/15 23:58,一只爱听歌的梨-【Hi-Res无损】五音Jw《明月天涯》-20260315221654-20260315221656.mp4,.mp4,一只爱听歌的梨-【Hi-Res无损】五音Jw《明月天涯》.m4a,一只爱听歌的梨-【Hi-Res无损】五音Jw《明月天涯》,封面-一只爱听歌的梨-【Hi-Res无损】五音Jw《明月天涯》-20260315221654-20260315221657.jpg,1.25,success,ok,
2026/3/15 23:58,一只爱听歌的梨-【Hi-Res无损】平生不晚《难却》百听-20260315225356-20260315225358.mp3,.mp3,一只爱听歌的梨-【Hi-Res无损】平生不晚《难却》百听.m4a,一只爱听歌的梨-【Hi-Res无损】平生不晚《难却》百听,封面-一只爱听歌的梨-【Hi-Res无损】平生不晚《难却》百听-20260315225356-20260315225359.jpg,1.25,success,ok,
2026/3/15 23:58,一只爱听歌的梨-【Hi-Res无损】花粥_王胜娚《出山》-20260315222350-20260315222351.mp3,.mp3,一只爱听歌的梨-【Hi-Res无损】花粥_王胜娚《出山》.m4a,一只爱听歌的梨-【Hi-Res无损】花粥_王胜娚《出山》,封面-一只爱听歌的梨-【Hi-Res无损】花粥_王胜娚《出山》-20260315222350-20260315222353.jpg,1.25,success,ok,
2026/3/15 23:58,一只爱听歌的梨-【Hi-Res无损】花粥、马雨阳《盗将行-20260315225510-20260315225512.mp3,.mp3,一只爱听歌的梨-【Hi-Res无损】花粥、马雨阳《盗将行.m4a,一只爱听歌的梨-【Hi-Res无损】花粥、马雨阳《盗将行,封面-一只爱听歌的梨-【Hi-Res无损】花粥、马雨阳《盗将行-20260315225510-20260315225513.jpg,1.25,success,ok,
2026/3/15 23:58,一只爱听歌的梨-【无损音质】一只白羊《赐我》「赐我一场相-20260315225840-20260315225842.mp4,.mp4,一只爱听歌的梨-【无损音质】一只白羊《赐我》「赐我一场相.m4a,一只爱听歌的梨-【无损音质】一只白羊《赐我》「赐我一场相,封面-一只爱听歌的梨-【无损音质】一只白羊《赐我》「赐我一场相-20260315225840-20260315225843.jpg,1.25,success,ok,
2026/3/15 23:58,一只肥奶丸鸭-【■塔·铁墓】演唱的《Sis_puell-20260315222430-20260315222431.mp3,.mp3,一只肥奶丸鸭-【■塔·铁墓】演唱的《Sis_puell.m4a,一只肥奶丸鸭-【■塔·铁墓】演唱的《Sis_puell,封面-一只肥奶丸鸭-【■塔·铁墓】演唱的《Sis_puell-20260315222430-20260315222433.jpg,1.25,success,ok,
2026/3/15 23:58,一颗狼星-许篮心-《海市蜃楼》官方女版！这个特别的声音我不-20260315225312-20260315225313.mp3,.mp3,一颗狼星-许篮心-《海市蜃楼》官方女版！这个特别的声音我不.m4a,一颗狼星-许篮心-《海市蜃楼》官方女版！这个特别的声音我不,封面-一颗狼星-许篮心-《海市蜃楼》官方女版！这个特别的声音我不-20260315225312-20260315225315.jpg,1.25,success,ok,
2026/3/15 23:58,不会魔法的小妖怪-【奇幻森林小木屋音乐】Erutan的单曲-20260315225325-20260315225327.mp3,.mp3,不会魔法的小妖怪-【奇幻森林小木屋音乐】Erutan的单曲.m4a,不会魔法的小妖怪-【奇幻森林小木屋音乐】Erutan的单曲,封面-不会魔法的小妖怪-【奇幻森林小木屋音乐】Erutan的单曲-20260315225325-20260315225329.jpg,1.25,success,ok,
2026/3/15 23:59,东洋雪莲-“俺は東京レ、東京洛陽レ”日语填词《5_-20260315225737-20260315225738.mp4,.mp4,东洋雪莲-“俺は東京レ、東京洛陽レ”日语填词《5.m4a,东洋雪莲-“俺は東京レ、東京洛陽レ”日语填词《5,封面-东洋雪莲-“俺は東京レ、東京洛陽レ”日语填词《5_-20260315225737-20260315225739.jpg,1.25,success,ok,
2026/3/15 23:59,东洋雪莲-“東京の天気いつも雨降り”打火机_片段日-20260315222506-20260315222508.mp3,.mp3,东洋雪莲-“東京の天気いつも雨降り”打火机_片段日.m4a,东洋雪莲-“東京の天気いつも雨降り”打火机_片段日,封面-东洋雪莲-“東京の天気いつも雨降り”打火机_片段日-20260315222506-20260315222510.jpg,1.25,success,ok,
2026/3/15 23:59,东洋雪莲-日语填词“神様教えて、僕は一体誰？”_-20260315222719-20260315222721.mp3,.mp3,东洋雪莲-日语填词“神様教えて、僕は一体誰？”.m4a,东洋雪莲-日语填词“神様教えて、僕は一体誰？”,封面-东洋雪莲-日语填词“神様教えて、僕は一体誰？”_-20260315222651-20260315222657.jpg,1.25,success,ok,
2026/3/15 23:59,云端音乐铺-“满是回忆的一首歌~”—《Take_Me-20260315225604-20260315225605.mp3,.mp3,云端音乐铺-“满是回忆的一首歌~”—《Take_Me.m4a,云端音乐铺-“满是回忆的一首歌~”—《Take_Me,封面-云端音乐铺-“满是回忆的一首歌~”—《Take_Me-20260315225604-20260315225607.jpg,1.25,success,ok,
2026/3/15 23:59,云端音乐铺-《Flower_Dance》“花之舞永远-20260315225611-20260315225612.mp3,.mp3,云端音乐铺-《Flower_Dance》“花之舞永远.m4a,云端音乐铺-《Flower_Dance》“花之舞永远,封面-云端音乐铺-《Flower_Dance》“花之舞永远-20260315225611-20260315225614.jpg,1.25,success,ok,
2026/3/15 23:59,冰城音乐馆-新冢旧骨葬头七，宿醉朦胧故人归_#典狱司-20260315221609-20260315221611.mp4,.mp4,冰城音乐馆-新冢旧骨葬头七，宿醉朦胧故人归_#典狱司.m4a,冰城音乐馆-新冢旧骨葬头七，宿醉朦胧故人归_#典狱司,封面-冰城音乐馆-新冢旧骨葬头七，宿醉朦胧故人归_#典狱司-20260315221609-20260315221613.jpg,1.25,success,ok,
2026/3/15 23:59,凑诗-【凑诗】下弦之月（原唱：96猫）【中文填-20260315230032-20260315230034.mp3,.mp3,凑诗-【凑诗】下弦之月（原唱：96猫）【中文填.m4a,凑诗-【凑诗】下弦之月（原唱：96猫）【中文填,封面-凑诗-【凑诗】下弦之月（原唱：96猫）【中文填-20260315230032-20260315230035.jpg,1.25,success,ok,
2026/3/15 23:59,勝慧利他-黄诗扶_-_山鬼【歌词字幕___完整版高-20260315230244-20260315230245.mp3,.mp3,勝慧利他-黄诗扶_-_山鬼【歌词字幕___完整版高.m4a,勝慧利他-黄诗扶_-_山鬼【歌词字幕___完整版高,封面-勝慧利他-黄诗扶_-_山鬼【歌词字幕___完整版高-20260315230244-20260315230247.jpg,1.25,success,ok,
2026/3/16 0:00,包包sama啊-_几载风雪卷刃_朔风同孤昼__曼波の关山-20260315223538-20260315223540.mp4,.mp4,包包sama啊-_几载风雪卷刃_朔风同孤昼__曼波の关山.m4a,包包sama啊-_几载风雪卷刃_朔风同孤昼__曼波の关山,封面-包包sama啊-_几载风雪卷刃_朔风同孤昼__曼波の关山-20260315223538-20260315223541.jpg,1.25,success,ok,
2026/3/16 0:00,北部Kitasan_-俄语民谣：『белая_кошка』__-20260315223525-20260315223527.mp3,.mp3,北部Kitasan_-俄语民谣：『белая_кошка』.m4a,北部Kitasan_-俄语民谣：『белая_кошка』,封面-北部Kitasan_-俄语民谣：『белая_кошка』__-20260315223525-20260315223528.jpg,1.25,success,ok,
2026/3/16 0:00,南北づ-Eternal-【云堇】回马枪——曲高未必人不识，自有知-20260315230217-20260315230218.mp3,.mp3,南北づ-Eternal-【云堇】回马枪——曲高未必人不识，自有知.m4a,南北づ-Eternal-【云堇】回马枪——曲高未必人不识，自有知,封面-南北づ-Eternal-【云堇】回马枪——曲高未必人不识，自有知-20260315230217-20260315230219.jpg,1.25,success,ok,
2026/3/16 0:00,南北づ-Eternal-【云堇】回马枪——曲高未必人不识，自有知-20260315230227-20260315230229.mp3,.mp3,南北づ-Eternal-【云堇】回马枪——曲高未必人不识，自有知_2.m4a,南北づ-Eternal-【云堇】回马枪——曲高未必人不识，自有知,封面-南北づ-Eternal-【云堇】回马枪——曲高未必人不识，自有知-20260315230217-20260315230219.jpg,1.25,success,ok,
2026/3/16 0:00,卡米莉娅睡不醒ovo-俄语翻唱丨『_尾巴是她被撕碎的衣裙』俄式-20260315225339-20260315225340.mp4,.mp4,卡米莉娅睡不醒ovo-俄语翻唱丨『_尾巴是她被撕碎的衣裙』俄式.m4a,卡米莉娅睡不醒ovo-俄语翻唱丨『_尾巴是她被撕碎的衣裙』俄式,封面-卡米莉娅睡不醒ovo-俄语翻唱丨『_尾巴是她被撕碎的衣裙』俄式-20260315225339-20260315225342.jpg,1.25,success,ok,
2026/3/16 0:00,吾爱久-歌曲《寄》-完整版-20260315230203-20260315230204.mp3,.mp3,吾爱久-歌曲《寄》-完整版.m4a,吾爱久-歌曲《寄》-完整版,,0.3077,success,ok,
2026/3/16 0:00,咩栗-【双女】“不过是上山的人，怎么嘲笑下山的-20260315221849-20260315221851.mp4,.mp4,咩栗-【双女】“不过是上山的人，怎么嘲笑下山的.m4a,咩栗-【双女】“不过是上山的人，怎么嘲笑下山的,封面-咩栗-【双女】“不过是上山的人，怎么嘲笑下山的-20260315221857-20260315221859.jpg,1.25,success,ok,
2026/3/16 0:00,嘉然今天吃什么-【翻唱】《猫中毒》完整版PV_嘉然-20260315221818-20260315221820.mp4,.mp4,嘉然今天吃什么-【翻唱】《猫中毒》完整版PV_嘉然.m4a,嘉然今天吃什么-【翻唱】《猫中毒》完整版PV_嘉然,封面-嘉然今天吃什么-【翻唱】《猫中毒》完整版PV_嘉然-20260315221823-20260315221825.jpg,1.25,success,ok,
2026/3/16 0:00,在虚无中永存-音乐企划《落花影像》主题曲——「星辰与列-20260315222154-20260315222155.mp3,.mp3,在虚无中永存-音乐企划《落花影像》主题曲——「星辰与列.m4a,在虚无中永存-音乐企划《落花影像》主题曲——「星辰与列,封面-在虚无中永存-音乐企划《落花影像》主题曲——「星辰与列-20260315222158-20260315222159.jpg,1.25,success,ok,
2026/3/16 0:00,夏日幻听-【插曲】鬼灭之刃_第19话_结尾曲完整版-20260315222513-20260315222515.mp3,.mp3,夏日幻听-【插曲】鬼灭之刃_第19话_结尾曲完整版.m4a,夏日幻听-【插曲】鬼灭之刃_第19话_结尾曲完整版,,0.2162,success,ok,
2026/3/16 0:00,夏日幻听MCE-【完整版_附歌词_插曲MV】哭泣少女乐队-20260315225436-20260315225438.mp3,.mp3,夏日幻听MCE-【完整版_附歌词_插曲MV】哭泣少女乐队.m4a,夏日幻听MCE-【完整版_附歌词_插曲MV】哭泣少女乐队,,0.1905,success,ok,
2026/3/16 0:00,大杨_Jens-君の知らない物語（你不知道的故事）-Su-20260315223245-20260315223247.mp3,.mp3,大杨_Jens-君の知らない物語（你不知道的故事）-Su.m4a,大杨_Jens-君の知らない物語（你不知道的故事）-Su,封面-大杨_Jens-君の知らない物語（你不知道的故事）-Su-20260315223249-20260315223250.jpg,1.25,success,ok,
2026/3/16 0:00,姆QB-【洛天依原创】忆红莲-20260315230038-20260315230039.mp3,.mp3,姆QB-【洛天依原创】忆红莲.m4a,姆QB-【洛天依原创】忆红莲,封面-ilem-洛天依，言和_原创《达拉崩吧》-20260315222144-20260315222147.jpg,0.3846,success,ok,
2026/3/16 0:00,封茗囧菌-【囧菌+双笙】霜雪千年-20260315225851-20260315225852.mp3,.mp3,封茗囧菌-【囧菌+双笙】霜雪千年.m4a,封茗囧菌-【囧菌+双笙】霜雪千年,封面-封茗囧菌-【囧菌+双笙】霜雪千年-20260315225851-20260315225854.jpg,1.25,success,ok,
2026/3/16 0:00,封茗囧菌-【封茗囧菌】安娜的橱窗（半木生）-20260315225856-20260315225858.mp3,.mp3,封茗囧菌-【封茗囧菌】安娜的橱窗（半木生）.m4a,封茗囧菌-【封茗囧菌】安娜的橱窗（半木生）,封面-封茗囧菌-【封茗囧菌】安娜的橱窗（半木生）-20260315225856-20260315225859.jpg,1.25,success,ok,
2026/3/16 0:01,崩坏3第一偶像爱酱-「Moon_Halo」——《崩坏3》印象-20260315222542-20260315222544.mp4,.mp4,崩坏3第一偶像爱酱-「Moon_Halo」——《崩坏3》印象.m4a,崩坏3第一偶像爱酱-「Moon_Halo」——《崩坏3》印象,封面-崩坏3第一偶像爱酱-「Moon_Halo」——《崩坏3》印象-20260315222542-20260315222545.jpg,1.25,success,ok,
2026/3/16 0:01,异世界情绪-【异世界情绪】#10《シリウスの心臓_天-20260315222059-20260315222112.mp3,.mp3,异世界情绪-【异世界情绪】#10《シリウスの心臓_天.m4a,异世界情绪-【异世界情绪】#10《シリウスの心臓_天,封面-异世界情绪-【异世界情绪】#10《シリウスの心臓_天-20260315222115-20260315222117.jpg,1.25,success,ok,
2026/3/16 0:01,异世界情绪-【异世界情绪】#14_《ヰ世界の宝石譚_-20260315222742-20260315222744.mp3,.mp3,异世界情绪-【异世界情绪】#14_《ヰ世界の宝石譚.m4a,异世界情绪-【异世界情绪】#14_《ヰ世界の宝石譚,封面-异世界情绪-【异世界情绪】#14_《ヰ世界の宝石譚_-20260315222747-20260315222749.jpg,1.25,success,ok,
2026/3/16 0:01,心然yoyo-【仙4十周年】08版千年缘-菱纱&梦璃版-20260315225929-20260315225931.mp3,.mp3,心然yoyo-【仙4十周年】08版千年缘-菱纱&梦璃版.m4a,心然yoyo-【仙4十周年】08版千年缘-菱纱&梦璃版,封面-心然yoyo-【仙4十周年】08版千年缘-菱纱&梦璃版-20260315225929-20260315225932.jpg,1.25,success,ok,
2026/3/16 0:01,心然yoyo-青城山下白素贞～总觉得这歌和端午一同食用-20260315225821-20260315225822.mp3,.mp3,心然yoyo-青城山下白素贞～总觉得这歌和端午一同食用.m4a,心然yoyo-青城山下白素贞～总觉得这歌和端午一同食用,封面-心然yoyo-青城山下白素贞～总觉得这歌和端午一同食用-20260315225821-20260315225824.jpg,1.25,success,ok,
2026/3/16 0:01,忘川风华录-【特约龚琳娜】千秋梦【忘川风华录】公测主-20260315223934-20260315223936.mp3,.mp3,忘川风华录-【特约龚琳娜】千秋梦【忘川风华录】公测主.m4a,忘川风华录-【特约龚琳娜】千秋梦【忘川风华录】公测主,封面-忘川风华录-【特约龚琳娜】千秋梦【忘川风华录】公测主-20260315223934-20260315223938.jpg,1.25,success,ok,
2026/3/16 0:01,忘川风华录-【特约龚琳娜】千秋梦【忘川风华录】公测主-20260315224956-20260315224959.mp3,.mp3,忘川风华录-【特约龚琳娜】千秋梦【忘川风华录】公测主_2.m4a,忘川风华录-【特约龚琳娜】千秋梦【忘川风华录】公测主,封面-忘川风华录-【特约龚琳娜】千秋梦【忘川风华录】公测主-20260315223934-20260315223938.jpg,1.25,success,ok,
2026/3/16 0:01,快看-震撼！周深一人分饰四角唱四大名著主题曲-20260315222125-20260315222126.mp3,.mp3,快看-震撼！周深一人分饰四角唱四大名著主题曲.m4a,快看-震撼！周深一人分饰四角唱四大名著主题曲,封面-快看-震撼！周深一人分饰四角唱四大名著主题曲-20260315222125-20260315222130.jpg,1.25,success,ok,
2026/3/16 0:01,战双帕弥什-【战双帕弥什×彩虹合唱】法奥斯学院毕业曲-20260315221927-20260315221928.mp3,.mp3,战双帕弥什-【战双帕弥什×彩虹合唱】法奥斯学院毕业曲.m4a,战双帕弥什-【战双帕弥什×彩虹合唱】法奥斯学院毕业曲,封面-战双帕弥什-【战双帕弥什×彩虹合唱】法奥斯学院毕业曲-20260315221927-20260315221930.jpg,1.25,success,ok,
2026/3/16 0:01,无聊到底-现在唱《仙剑问情》还有人会听吗？-20260315225922-20260315225924.mp3,.mp3,无聊到底-现在唱《仙剑问情》还有人会听吗？.m4a,无聊到底-现在唱《仙剑问情》还有人会听吗？,封面-无聊到底-现在唱《仙剑问情》还有人会听吗？-20260315225922-20260315225925.jpg,1.25,success,ok,
2026/3/16 0:01,明日方舟-《明日方舟》EP_-_Little_Wi-20260315222555-20260315222556.mp4,.mp4,明日方舟-《明日方舟》EP_-_Little_Wi.m4a,明日方舟-《明日方舟》EP_-_Little_Wi,封面-明日方舟-《明日方舟》EP_-_Little_Wi-20260315222602-20260315222604.jpg,1.25,success,ok,
2026/3/16 0:01,明日方舟-《明日方舟》EP_-_Mystic_Li-20260315222639-20260315222640.mp4,.mp4,明日方舟-《明日方舟》EP_-_Mystic_Li.m4a,明日方舟-《明日方舟》EP_-_Mystic_Li,封面-明日方舟-《明日方舟》EP_-_Mystic_Li-20260315222639-20260315222642.jpg,1.25,success,ok,
2026/3/16 0:02,明日方舟-《明日方舟》EP_-_浸春芜-20260315223300-20260315223301.mp4,.mp4,明日方舟-《明日方舟》EP_-_浸春芜.m4a,明日方舟-《明日方舟》EP_-_浸春芜,封面-明日方舟-《明日方舟》EP_-_浸春芜-20260315223304-20260315223305.jpg,1.25,success,ok,
2026/3/16 0:02,明石缪-【明石缪】翻唱歌曲「死别」-20260315222148-20260315222150.mp3,.mp3,明石缪-【明石缪】翻唱歌曲「死别」.m4a,明石缪-【明石缪】翻唱歌曲「死别」,封面-明石缪-【明石缪】翻唱歌曲「死别」-20260315222148-20260315222151.jpg,1.25,success,ok,
2026/3/16 0:02,星光note-“居然还有这么可爱这么萌的英文歌！”__-20260315225756-20260315225758.mp3,.mp3,星光note-“居然还有这么可爱这么萌的英文歌！”.m4a,星光note-“居然还有这么可爱这么萌的英文歌！”,封面-星光note-“居然还有这么可爱这么萌的英文歌！”__-20260315225756-20260315225800.jpg,1.25,success,ok,
2026/3/16 0:02,星粥Kayuu-砍下你的头颅，然后永远爱我吧___-20260315230007-20260315230009.mp3,.mp3,星粥Kayuu-砍下你的头颅，然后永远爱我吧.m4a,星粥Kayuu-砍下你的头颅，然后永远爱我吧,封面-星粥Kayuu-砍下你的头颅，然后永远爱我吧___-20260315230007-20260315230010.jpg,1.25,success,ok,
2026/3/16 0:02,春空千鶴-日本和乐的《千本樱》义经版MV（汉日双语-20260315225743-20260315225744.mp3,.mp3,春空千鶴-日本和乐的《千本樱》义经版MV（汉日双语.m4a,春空千鶴-日本和乐的《千本樱》义经版MV（汉日双语,封面-春空千鶴-日本和乐的《千本樱》义经版MV（汉日双语-20260315225743-20260315225746.jpg,1.25,success,ok,
2026/3/16 0:02,朋鹏爱音乐-崔子格最火歌曲《卜卦》当年火遍大江南北，-20260315221539-20260315221542.mp4,.mp4,朋鹏爱音乐-崔子格最火歌曲《卜卦》当年火遍大江南北，.m4a,朋鹏爱音乐-崔子格最火歌曲《卜卦》当年火遍大江南北，,封面-朋鹏爱音乐-崔子格最火歌曲《卜卦》当年火遍大江南北，-20260315221539-20260315221543.jpg,1.25,success,ok,
2026/3/16 0:02,李玉刚-【李玉刚自投稿】你们要的《赤伶》剧情版M-20260315225425-20260315225426.mp3,.mp3,李玉刚-【李玉刚自投稿】你们要的《赤伶》剧情版M.m4a,李玉刚-【李玉刚自投稿】你们要的《赤伶》剧情版M,封面-李玉刚-【李玉刚自投稿】你们要的《赤伶》剧情版M-20260315225425-20260315225428.jpg,1.25,success,ok,
2026/3/16 0:02,来自天境的雅特丽希诺-【Hi-Res无损】【ENDER_LIL-20260315225558-20260315225559.mp3,.mp3,来自天境的雅特丽希诺-【Hi-Res无损】【ENDER_LIL.m4a,来自天境的雅特丽希诺-【Hi-Res无损】【ENDER_LIL,封面-来自天境的雅特丽希诺-【Hi-Res无损】【ENDER_LIL-20260315225558-20260315225601.jpg,1.25,success,ok,
2026/3/16 0:02,東雪蓮Official-主播唱歌能不能别夹了-20260315225704-20260315225706.mp3,.mp3,東雪蓮Official-主播唱歌能不能别夹了.m4a,東雪蓮Official-主播唱歌能不能别夹了,封面-東雪蓮Official-主播唱歌能不能别夹了-20260315225704-20260315225707.jpg,1.25,success,ok,
2026/3/16 0:02,果宝Official-俄语情歌_不爱我就去死-20260315223552-20260315223554.mp3,.mp3,果宝Official-俄语情歌_不爱我就去死.m4a,果宝Official-俄语情歌_不爱我就去死,封面-果宝Official-俄语情歌_不爱我就去死-20260315223552-20260315223555.jpg,1.25,success,ok,
2026/3/16 0:02,柊真华Official-《发如雪》凄美了离别——女声帅气翻唱【原-20260315225130-20260315225132.mp4,.mp4,柊真华Official-《发如雪》凄美了离别——女声帅气翻唱【原.m4a,柊真华Official-《发如雪》凄美了离别——女声帅气翻唱【原,封面-柊真华Official-《发如雪》凄美了离别——女声帅气翻唱【原-20260315225130-20260315225133.jpg,1.25,success,ok,
2026/3/16 0:02,毛球狐狸喵-Nightcore_-_貴方へ鎮魂曲を【-20260315223318-20260315223319.mp4,.mp4,毛球狐狸喵-Nightcore_-_貴方へ鎮魂曲を【.m4a,毛球狐狸喵-Nightcore_-_貴方へ鎮魂曲を【,封面-毛球狐狸喵-Nightcore_-_貴方へ鎮魂曲を【-20260315223318-20260315223321.jpg,1.25,success,ok,
2026/3/16 0:02,泠鸢yousa-【泠鸢·完整版】神代梦华谭-20260315230100-20260315230102.mp3,.mp3,泠鸢yousa-【泠鸢·完整版】神代梦华谭.m4a,泠鸢yousa-【泠鸢·完整版】神代梦华谭,封面-泠鸢yousa-【泠鸢·完整版】神代梦华谭-20260315230100-20260315230103.jpg,1.25,success,ok,
2026/3/16 0:03,泠鸢yousa-【泠鸢】本色【后期重做版】-20260315230210-20260315230212.mp3,.mp3,泠鸢yousa-【泠鸢】本色【后期重做版】.m4a,泠鸢yousa-【泠鸢】本色【后期重做版】,封面-泠鸢yousa-【泠鸢】本色【后期重做版】-20260315230210-20260315230213.jpg,1.25,success,ok,
2026/3/16 0:03,泠鸢yousa-【泠鸢翻】酥酥麻麻的转音《小雨》原唱黄龄-20260315225955-20260315225957.mp3,.mp3,泠鸢yousa-【泠鸢翻】酥酥麻麻的转音《小雨》原唱黄龄.m4a,泠鸢yousa-【泠鸢翻】酥酥麻麻的转音《小雨》原唱黄龄,封面-泠鸢yousa-【泠鸢翻】酥酥麻麻的转音《小雨》原唱黄龄-20260315225955-20260315225958.jpg,1.25,success,ok,
2026/3/16 0:03,泠鸢yousa-【泠鸢翻唱】川味闽南语…【你啊你啊】-20260315225646-20260315225647.mp3,.mp3,泠鸢yousa-【泠鸢翻唱】川味闽南语…【你啊你啊】.m4a,泠鸢yousa-【泠鸢翻唱】川味闽南语…【你啊你啊】,封面-泠鸢yousa-【泠鸢翻唱】川味闽南语…【你啊你啊】-20260315225646-20260315225649.jpg,1.25,success,ok,
2026/3/16 0:03,泠鸢yousa-【泠鸢翻唱】恍然梦醒，只作壁上观【原唱张-20260315225228-20260315225230.mp3,.mp3,泠鸢yousa-【泠鸢翻唱】恍然梦醒，只作壁上观【原唱张.m4a,泠鸢yousa-【泠鸢翻唱】恍然梦醒，只作壁上观【原唱张,封面-泠鸢yousa-【泠鸢翻唱】恍然梦醒，只作壁上观【原唱张-20260315225228-20260315225232.jpg,1.25,success,ok,
2026/3/16 0:03,泠鸢yousa-歌好听！词好密…救命闪到舌头！【泠鸢翻唱-20260315230002-20260315230003.mp3,.mp3,泠鸢yousa-歌好听！词好密…救命闪到舌头！【泠鸢翻唱.m4a,泠鸢yousa-歌好听！词好密…救命闪到舌头！【泠鸢翻唱,封面-泠鸢yousa-歌好听！词好密…救命闪到舌头！【泠鸢翻唱-20260315230002-20260315230004.jpg,1.25,success,ok,
2026/3/16 0:03,炙弹冰-【航天史填词】东方红的心脏【乐正绫x洛天-20260315222101-20260315222103.mp3,.mp3,炙弹冰-【航天史填词】东方红的心脏【乐正绫x洛天.m4a,炙弹冰-【航天史填词】东方红的心脏【乐正绫x洛天,封面-炙弹冰-【航天史填词】东方红的心脏【乐正绫x洛天-20260315222106-20260315222107.jpg,1.25,success,ok,
2026/3/16 0:03,熊猫先生-1979-【HD无损】丸子哟-《广寒宫》｜云母屏风-20260315225144-20260315225146.mp3,.mp3,熊猫先生-1979-【HD无损】丸子哟-《广寒宫》｜云母屏风.m4a,熊猫先生-1979-【HD无损】丸子哟-《广寒宫》｜云母屏风,封面-熊猫先生-1979-【HD无损】丸子哟-《广寒宫》｜云母屏风-20260315225144-20260315225148.jpg,1.25,success,ok,
2026/3/16 0:03,牙牙um-恐有街头胭脂色，柳絮沾白雪沾红-20260315222456-20260315222458.mp4,.mp4,牙牙um-恐有街头胭脂色，柳絮沾白雪沾红.m4a,牙牙um-恐有街头胭脂色，柳絮沾白雪沾红,封面-牙牙um-恐有街头胭脂色，柳絮沾白雪沾红-20260315222500-20260315222502.jpg,1.25,success,ok,
2026/3/16 0:03,牙牙的小酒馆-【小酒馆歌单】凯尔特_吟游诗人_幻想风格-20260315225213-20260315225215.mp3,.mp3,牙牙的小酒馆-【小酒馆歌单】凯尔特_吟游诗人_幻想风格.m4a,牙牙的小酒馆-【小酒馆歌单】凯尔特_吟游诗人_幻想风格,封面-牙牙的小酒馆-【小酒馆歌单】凯尔特_吟游诗人_幻想风格-20260315225213-20260315225219.jpg,1.25,success,ok,
2026/3/16 0:05,猫瓜西西-【崩铁_海刻海】在正义里，有回答不了的问-20260315221857-20260315221915.mp3,.mp3,猫瓜西西-【崩铁_海刻海】在正义里，有回答不了的问.m4a,猫瓜西西-【崩铁_海刻海】在正义里，有回答不了的问,封面-猫瓜西西-【崩铁_海刻海】在正义里，有回答不了的问-20260315221920-20260315221922.jpg,1.25,success,ok,
2026/3/16 0:05,白河木船-【nameless】拼湊出的斷音-20260315225845-20260315225847.mp3,.mp3,白河木船-【nameless】拼湊出的斷音.m4a,白河木船-【nameless】拼湊出的斷音,封面-白河木船-【nameless】拼湊出的斷音-20260315225845-20260315225848.jpg,1.25,success,ok,
2026/3/16 0:05,维声素si-【中文翻唱】天天_(TIANTIAN)—-20260315222419-20260315222421.mp3,.mp3,维声素si-【中文翻唱】天天_(TIANTIAN)—.m4a,维声素si-【中文翻唱】天天_(TIANTIAN)—,封面-维声素si-【中文翻唱】天天_(TIANTIAN)—-20260315222424-20260315222425.jpg,1.25,success,ok,
2026/3/16 0:05,绿田地种苗-超燃混剪，《Soviet_March(苏-20260315230141-20260315230143.mp3,.mp3,绿田地种苗-超燃混剪，《Soviet_March(苏.m4a,绿田地种苗-超燃混剪，《Soviet_March(苏,封面-绿田地种苗-超燃混剪，《Soviet_March(苏-20260315230141-20260315230144.jpg,1.25,success,ok,
2026/3/16 0:05,网易云音乐-【周深】《达拉崩吧》神级现场_一开口就是-20260315222133-20260315222134.mp3,.mp3,网易云音乐-【周深】《达拉崩吧》神级现场_一开口就是.m4a,网易云音乐-【周深】《达拉崩吧》神级现场_一开口就是,封面-网易云音乐-【周深】《达拉崩吧》神级现场_一开口就是-20260315222137-20260315222139.jpg,1.25,success,ok,
2026/3/16 0:05,网易云音乐-单曲循环！__李荣浩梁咏琪深情合唱【紫荆-20260315225935-20260315225936.mp3,.mp3,网易云音乐-单曲循环！__李荣浩梁咏琪深情合唱【紫荆.m4a,网易云音乐-单曲循环！__李荣浩梁咏琪深情合唱【紫荆,封面-网易云音乐-单曲循环！__李荣浩梁咏琪深情合唱【紫荆-20260315225935-20260315225938.jpg,1.25,success,ok,
2026/3/16 0:05,花之祭P-【洛天依】三千世界鸦杀尽【原创曲PV附✿-20260315225914-20260315225916.mp3,.mp3,花之祭P-【洛天依】三千世界鸦杀尽【原创曲PV附✿.m4a,花之祭P-【洛天依】三千世界鸦杀尽【原创曲PV附✿,,0.2778,success,ok,
2026/3/16 0:05,荻原沙优_Official-Magia（44_1_16官方无损音源）-20260315223946-20260315223947.mp3,.mp3,荻原沙优_Official-Magia（44_1_16官方无损音源）.m4a,荻原沙优_Official-Magia（44_1_16官方无损音源）,封面-荻原沙优_Official-Magia（44_1_16官方无损音源）-20260315223946-20260315223950.jpg,1.25,success,ok,
2026/3/16 0:05,荻原沙优_Official-Magia（44_1_16官方无损音源）-20260315225009-20260315225011.mp3,.mp3,荻原沙优_Official-Magia（44_1_16官方无损音源）_2.m4a,荻原沙优_Official-Magia（44_1_16官方无损音源）,封面-荻原沙优_Official-Magia（44_1_16官方无损音源）-20260315223946-20260315223950.jpg,1.25,success,ok,
2026/3/16 0:06,蔍與-NieR_Replicant_ver_1-20260315230233-20260315230234.mp3,.mp3,蔍與-NieR_Replicant_ver_1.m4a,蔍與-NieR_Replicant_ver_1,封面-蔍與-NieR_Replicant_ver_1-20260315230233-20260315230235.jpg,1.25,success,ok,
2026/3/16 0:06,薇薇不危唯安-【兰若度母】翻唱_你们的神明少女不祈祷了-20260315221838-20260315221842.mp3,.mp3,薇薇不危唯安-【兰若度母】翻唱_你们的神明少女不祈祷了.m4a,薇薇不危唯安-【兰若度母】翻唱_你们的神明少女不祈祷了,封面-薇薇不危唯安-【兰若度母】翻唱_你们的神明少女不祈祷了-20260315221838-20260315221844.jpg,1.25,success,ok,
2026/3/16 0:06,谁叫你这么剪的-岳不群_-_左手指月_左手捻着花右手舞着-20260315225521-20260315225522.mp3,.mp3,谁叫你这么剪的-岳不群_-_左手指月_左手捻着花右手舞着.m4a,谁叫你这么剪的-岳不群_-_左手指月_左手捻着花右手舞着,封面-谁叫你这么剪的-岳不群_-_左手指月_左手捻着花右手舞着-20260315225521-20260315225524.jpg,1.25,success,ok,
2026/3/16 0:06,谷风夜空-“又嗨又可爱的歌，可以拿去跳广场舞了”《-20260315223959-20260315224001.mp3,.mp3,谷风夜空-“又嗨又可爱的歌，可以拿去跳广场舞了”《.m4a,谷风夜空-“又嗨又可爱的歌，可以拿去跳广场舞了”《,封面-谷风夜空-“又嗨又可爱的歌，可以拿去跳广场舞了”《-20260315223959-20260315224003.jpg,1.25,success,ok,
2026/3/16 0:06,阀执vrole-【ch_瓷】人_间_乐-20260315230250-20260315230252.mp3,.mp3,阀执vrole-【ch_瓷】人_间_乐.m4a,阀执vrole-【ch_瓷】人_间_乐,封面-阀执vrole-【ch_瓷】人_间_乐-20260315230250-20260315230253.jpg,1.25,success,ok,
2026/3/16 0:06,阿尔法-日诺-【战锤40k_填词】帝皇的千秋梦—“毕竟-20260315223418-20260315223419.mp3,.mp3,阿尔法-日诺-【战锤40k_填词】帝皇的千秋梦—“毕竟.m4a,阿尔法-日诺-【战锤40k_填词】帝皇的千秋梦—“毕竟,封面-阿尔法-日诺-【战锤40k_填词】帝皇的千秋梦—“毕竟-20260315223418-20260315223421.jpg,1.25,success,ok,
2026/3/16 0:06,雨若不是小姐姐-“偏我来时不逢春，偏我去时春满城”-20260315221935-20260315221951.mp3,.mp3,雨若不是小姐姐-“偏我来时不逢春，偏我去时春满城”.m4a,雨若不是小姐姐-“偏我来时不逢春，偏我去时春满城”,封面-雨若不是小姐姐-“偏我来时不逢春，偏我去时春满城”-20260315221956-20260315221957.jpg,1.25,success,ok,
2026/3/16 0:06,音频收藏馆-_神明神明张开嘴_嗵嗵_-_DOUDOU-20260315222609-20260315222610.mp4,.mp4,音频收藏馆-_神明神明张开嘴_嗵嗵_-_DOUDOU.m4a,音频收藏馆-_神明神明张开嘴_嗵嗵_-_DOUDOU,封面-音频收藏馆-_神明神明张开嘴_嗵嗵_-_DOUDOU-20260315222614-20260315222616.jpg,1.25,success,ok,
2026/3/16 0:06,鬼面P-【洛天依x乐正绫】《黄梅戏》_“为救李郎-20260315230128-20260315230130.mp3,.mp3,鬼面P-【洛天依x乐正绫】《黄梅戏》_“为救李郎.m4a,鬼面P-【洛天依x乐正绫】《黄梅戏》_“为救李郎,封面-鬼面P-【洛天依x乐正绫】《黄梅戏》_“为救李郎-20260315230128-20260315230131.jpg,1.25,success,ok,
2026/3/16 0:07,鬼面P-【洛天依】《你若三冬》来，换我一城雪白【-20260315223921-20260315223923.mp3,.mp3,鬼面P-【洛天依】《你若三冬》来，换我一城雪白【.m4a,鬼面P-【洛天依】《你若三冬》来，换我一城雪白【,封面-鬼面P-【洛天依】《你若三冬》来，换我一城雪白【-20260315223921-20260315223925.jpg,1.25,success,ok,
2026/3/16 0:07,鬼面P-【洛天依】《你若三冬》来，换我一城雪白【-20260315224940-20260315224942.mp4,.mp4,鬼面P-【洛天依】《你若三冬》来，换我一城雪白【_2.m4a,鬼面P-【洛天依】《你若三冬》来，换我一城雪白【,封面-鬼面P-【洛天依】《你若三冬》来，换我一城雪白【-20260315223921-20260315223925.jpg,1.25,success,ok,
2026/3/16 0:07,鬼面P-【洛天依】《虞兮叹》_“一声虞兮虞兮泪眼-20260315230013-20260315230014.mp3,.mp3,鬼面P-【洛天依】《虞兮叹》_“一声虞兮虞兮泪眼.m4a,鬼面P-【洛天依】《虞兮叹》_“一声虞兮虞兮泪眼,封面-鬼面P-【洛天依】《虞兮叹》_“一声虞兮虞兮泪眼-20260315230013-20260315230016.jpg,1.25,success,ok,
2026/3/16 0:07,鲯枳-“恐有街头胭脂色_柳絮沾白血沾红”《红昭-20260315222437-20260315222441.mp4,.mp4,鲯枳-“恐有街头胭脂色_柳絮沾白血沾红”《红昭.m4a,鲯枳-“恐有街头胭脂色_柳絮沾白血沾红”《红昭,封面-鲯枳-“恐有街头胭脂色_柳絮沾白血沾红”《红昭-20260315222444-20260315222446.jpg,1.25,success,ok,
